Name,Type,Tags,Description,Social Reach,Est. People Impacted,Scale,URL,Image,Interdependence,Polarization,Holistic Knowledge,Cultural Isolation,
#cut50 (part of Dream Corps),Politics,Criminal Justice Reform | Mass Incarceration,cut crime and incarceration in all 50 states,54123,500000,Regional,https://www.cut50.org/our_mission,https://cvlassets.s3.amazonaws.com/download-1.png,Indirect Goal,,TRUE,,
Bridge Alliance,Civics,Democracy | Civic Renewal | Political Change | Governance,"revitalize democratic practice in America and transform the political process, from elections to governance, so the American people are heard loud and clear",6639,500000,Regional,https://www.bridgealliance.us/our_work,https://cvlassets.s3.amazonaws.com/download.png,Direct Goal,TRUE,TRUE,,
Constellation Foundation,Media,Commons,"inspiring positive action in students, decision-makers and the general public with the profound perspective shift experienced in space",0,50000,Global,http://www.constellation.earth/,http://static1.squarespace.com/static/57d61cba9de4bbc2c5503108/t/5a316a939140b743f5aa3c9f/1527008365328/?format=1500w,Direct Goal,,,TRUE,
Cortico,Research,Anti-Isolation | American Public | Public Dialogue,"strengthen an American public sphere weakened by political, cultural and socioeconomic isolation",1387,50000,Regional,https://www.cortico.ai/,https://static1.squarespace.com/static/58dbd69f1b10e3f76d545cac/t/5a032725ec212d8783095eb9/1524241503048/?format=1500w,Direct Goal,TRUE,TRUE,,
CultureBank,Art & Culture,Art | Funding | Measurement | Community-Development,"provide artists with capital from new and unexpected sources, fundamentally change the definition of ROI, and enable more artists to create lasting social and economic change in more communities",193,5000,Regional,http://culturebank.org/about/,http://culturebank.org/wp-content/uploads/2017/12/cropped-logo_culturebank_man_white_100_190.png,Direct Goal,FALSE,TRUE,,
Defy Ventures,Business,Business Leaders | Ex-Offender | Entrepreneurship,transform the lives of business leaders and people with criminal histories through their collaboration along the entrepreneurial journey,35889,5000,Regional,https://defyventures.org/what-we-do/our-mission/,https://upload.wikimedia.org/wikipedia/en/c/c0/Defy-Logo.png,Indirect Goal,,TRUE,,
Facing History,Education,Youth | Education | Anti-Racism,"engage students of diverse backgrounds in an examination of racism, prejudice, and anti-Semitism in order to promote the development of a more humane and informed citizenry",156655,50000,Global,https://www.facinghistory.org/,https://www.facinghistory.org/profiles/facing_history_distro/themes/custom/facingfuture/img/logo.png,Direct Goal,TRUE,TRUE,,
Impact Experience,Community,Strategic Alliances | Community-Building,"fuel transformation in marginalized communities by building strategic relationships between investors, foundations, companies and the entrepreneurs and local leaders they seek to support",419,50000,Global,https://www.impact-experience.com/,https://cvlassets.s3.amazonaws.com/download.jpg,Direct Goal,TRUE,TRUE,TRUE,
Institute of Noetic Sciences,Research,Interdependence,create a shift in consciousness worldwide—where people recognize that we are all part of an interconnected whole and are inspired to take action to help humanity and the planet thrive.,158016,500000,Global,http://noetic.org/about/overview,http://plannedgiving.noetic.org/images/I/institute-of-noetic-sciences/r1/IONSPrimaryVert_blue.png,Direct Goal,,,TRUE,
Kosmos,Media,Participation | Public Engagement | Interdepdence | Intercultural Dialogue | Civic Tech,"inform, inspire and engage individual and collective participation for global transformation in harmony with all Life",33916,500000,Global,https://www.kosmosjournal.org/about/mission/,https://www.sullivanperkins.com/wp-content/uploads/2016/02/client-experience-kosmos-energy-1.jpg,Direct Goal,,,TRUE,
New Economy Coalition,Business,Grassroots Change | Systems Thinking | Sharing Economy,creating deep change in our economy and politics—placing power in the hands of people and uprooting legacies of harm—so that a fundamentally new system can take root,19602.01,500000,Regional,https://neweconomy.net/about,https://neweconomy.net/sites/all/themes/neweconomy/logo.png,Direct Goal,,TRUE,,
Presencing Institute / MIT U.Lab,Research,Emergence,systematically address how to respond to the current waves of disruptive change from a deep place that connects us to the emerging future rather than by reacting against the patterns of the past,13780,500000,Global,https://www.presencing.org/#/aboutus/presencing-institute/what-we-do,http://doingsomethinggood.com.au/wp-content/uploads/2018/04/PI-logo-e1524754568388.jpg,Direct Goal,,TRUE,TRUE,
Safecity,Technology,Public Space | Women | Crowdsourcing | Data | Technology | Civic Tech,"make cities safer by encouraging equal access to public spaces for everyone especially women, through the use of crowdsourced data and technology",265922,500000,Global,http://safecity.in/about/,https://www.ffwd.org/wp-content/uploads/safecitylogo_final.jpg,Indirect Goal,TRUE,FALSE,,
Santa Fe Institute,Research,Patterns | Natural World,"understand and unify the underlying, shared patterns in complex physical, biological, social, cultural, technological, and even possible astrobiological worlds",60124,1000000,Global,https://www.santafe.edu/about,https://upload.wikimedia.org/wikipedia/en/thumb/5/51/Santa_Fe_Institute_seal.svg/1200px-Santa_Fe_Institute_seal.svg.png,Direct Goal,,,TRUE,
Shareable,Media,Sharing Economy | Interdependence,"empower people to share for a more resilient, equitable, and joyful world",124462,1000000,Global,https://www.shareable.net/about/mission-values,https://d1p42fqrbwqdsw.cloudfront.net/campaigns/background_images/000/000/801/web/Shareable_Thunderclap-1.png?1354842104,Direct Goal,TRUE,TRUE,TRUE,
The Blessing Basket Project,International Relief,Anti-Poverty | Developing World | Artisan Products,reduce poverty in developing countries by using our unique Prosperity Wages® model to pay for artisan products,10465,500000,Global,https://interculturalinnovation.org/blessing-basket-project/,https://blogunteer.files.wordpress.com/2012/08/bbp_logo.jpg,Direct Goal,TRUE,TRUE,,
DEMOCRACY COLLABORATIVE FOUNDATION INC,Research,Systems Thinking | Data,"put the central idea of system change, and that there can be a “next system,” on the map",30713,1000000,Regional,https://thenextsystem.org/about-next-system-project,https://democracycollaborative.org/sites/clone.community-wealth.org/files/thenextsystemproject_lowres_trans.png,Indirect Goal,,TRUE,TRUE,
Welcoming America,Community,Inclusion | Belonging | Democracy,making everyone feel like they belong,25277,1000000,Regional,https://www.welcomingamerica.org/about/who-we-are,https://cvlassets.s3.amazonaws.com/download-2.png,Direct Goal,TRUE,FALSE,,
Be More,Business,Anti-Bias | Workplace Bias,help organizations unleash human capital by eradicating bias by 2040,2774,50000,Regional,http://www.bemoreamerica.org/,https://media.licdn.com/dms/image/C560BAQH1oLwJKds1MQ/company-logo_200_200/0?e=2130710400&v=beta&t=WFJcuujnsgw4oVmgLDlsXIurP7yWeCFCudw3r4zh70U,Direct Goal,TRUE,,,
Over Zero,Community,Anti-Violence | Women,supports societies to resist violence and division & to build a positive future,0,50000,Global,https://projectoverzero.org/about,,Direct Goal,TRUE,TRUE,TRUE,
SkillShare,Conflict resolution,Soft skills | Technology | Sharing Economy,"Soft skills, including conf",5300756,500000,Global,http://skillshare.com,https://static.skillshare.com/assets/images/logo-1200-630.jpg,Indirect Goal,,TRUE,,
DataKind,Anti-Hate,Science | Anti-Extremist,Uses research science to combat extremism,39673,50000,Global,http://www.datakind.org/,https://yt3.ggpht.com/a-/ACSszfGF6vy4-ELAqDeYROjb-W1rfXppG2DhBIiqSw=s900-mo-c-c0xffffffff-rj-k-no,Indirect Goal,,TRUE,TRUE,
Center on Technology and society,Anti-Hate,Technology | Civic Technology,"ADL spin-off, focusing on digital channels",354,500000,Global,http://www.cits.ucsb.edu/home,https://www.adl.org/sites/default/files/styles/full_width_img_sm/public/2017-11/cts-landing-page-2000w.jpg?h=077a90f5&itok=IyZYWoS_,Indirect Goal,,TRUE,,
TechEquity Collaborative,Interdependence,Civic Technology | Global Opportunity | Technology,"Bay Area non-profit, focused on creating global opportunity",3887,50000,Global,https://techequitycollaborative.org/,https://techequitycollaborative.org/wp-content/uploads/2017/02/TechEquity-logo-long-reverse.png,Indirect Goal,TRUE,TRUE,,
National institute for civil discourse,Polarization,Civil Discourse | Anti-Propaganda | Democracy | Information | News | Media,"Combat fearmongering through elder statesman, UA alumni network",52160,500000,Global,https://nicd.arizona.edu/,http://deliberative-democracy.net/wp-content/uploads/2017/04/NICD.png,Indirect Goal,TRUE,TRUE,,
New Media Ventures,Polarization,News | Nonprofit News,Independent new media company,35276,500000,Global,https://newmediaventures.org/,https://pbs.twimg.com/profile_images/1014310342665441282/ROBbTcQd_400x400.jpg,Indirect Goal,TRUE,TRUE,,
The Discourse,Polarization,Inclusion | News | Media,Takes a disruptive approach to media to bring inclusive messages to a rapidly changing landscape,13318,500000,Global,https://thediscourse.ca/,https://www.thediscourse.ca/wp-content/uploads/misc/theDiscourse-Logo.png,Indirect Goal,TRUE,,,
American Immigration Council,Polarization,Immigrant Justice | Immigration | Anti-Xenophobia | Media,Promotes justice for immigrants while combatting divisive media narratives,194272,500000,Global,https://www.americanimmigrationcouncil.org/,https://www.doar.com/wp-content/uploads/2018/05/AIC-logo.png,Indirect Goal,TRUE,TRUE,,
Center for Media Engagement University of Texas Austin,Polarization,Civil Discourse | Digital Literacy | Social Media,"Measure superior online discourse, understand metri types",4282,50000,Global,https://mediaengagement.org/,https://mediaengagement.org/wp-content/themes/cme/dist/images/cme-logo.png,Indirect Goal,TRUE,,TRUE,
HopeLab,Research,Medicine | Healthcare | Anti-Suffering | Youth,Medically-oriented interventions to counter-act suffering,12687,500000,Global,https://www.hopelab.org/,https://lever-client-logos.s3.amazonaws.com/87887de8-267d-4176-ad28-5152b3c46e1e-1504631789493.png,indirect Goal,,,TRUE,
Humanity United,Community,Anti-Violence,Stop systemic violence impacting humans,43632,500000,Global,https://humanityunited.org/,https://www.cdacollaborative.org/wp-content/uploads/2015/11/Humanity-United-Logo.png,Indirect Goal,TRUE,TRUE,,
UnityWorks,Intercultural,Intercultural,"Promote shared fortunes, destiny of human race",2328,50000,Global,http://unityworks.us/,http://unityworks.us/img/logo-default-slim.png,,,,,
AMAZE,Education,Intercultural,"AMAZE programs foster the knowledge, values, and skills that the next generation needs in order to support and respect each other across differences of race, class, culture, gender, sexual orientation, age, religion/faith, and physical ability. ",1984,5000,Global,http://www.amazeworks.org/index.html,https://d3n8a8pro7vhmx.cloudfront.net/amaze/sites/1/meta_images/original/amaze_logo_and_motto.jpg?1494358151,,,,,
Anti Racist Alliance,Education,Anti-Racist,an organizing collective of human service practitioners and educators whose vision is to bring a clear and deliberate anti-racist structural power analysis to social service education and practice.,30459,50000,Global,http://www.antiracistalliance.com/home.html,http://www.antiracistalliance.com/images/logo_final.gif,,,,,
Border Crossers: Racial Justice in Education,Education,Anti-Racist,Border Crossers utilizes creative tools to encourage educators in explorations of race and racism with K-12 students.,6959,5000,Regional,http://www.bordercrossers.org/what-we-do/,http://www.bordercrossers.org/wp-content/uploads/2016/11/logo-lg3.png,,,,,
Californians For Justice,Education,Youth | Leadership | Education,"Californians for Justice believes that young people are the leaders we need to create the healthy, just and vibrant schools all of our communities deserve. ",6074,5000,Regional,http://caljustice.org/,,,,,,
Coleman Advocates for Youth,Education,Youth  | Education  | Housing,"Coleman Advocates believes that all children and families deserve access to high quality education, living wage jobs, family-supporting benefits, affordable housing, and a voice in the decisions that affect us. ",6228,5000,,http://colemanadvocates.org/,https://colemanadvocates.org/wp-content/uploads/2017/04/logo_coleman.png,,,,,
Diversity Council,Education,Diversity,"To educate people to embrace diversity as a foundation for building a healthy, inclusive and prosperous community.",2941,5000,,http://www.diversitycouncil.org/,"https://static.wixstatic.com/media/585763_35119c056834412595b7d0a9e46437d6.jpg/v1/fill/w_420,h_68,al_c,q_80/585763_35119c056834412595b7d0a9e46437d6.webp",,,,,
Eastern Educational Resource Center,Education,Anti-Bias,"Eastern Educational Resource Collaborative's (East Ed's) mission is to serve as a resource to schools, colleges, families and agencies and support the establishment of equitable, anti-bias, multicultural environments.",2,10,,"http://www.easted.org/our-mission
",https://static.wixstatic.com/media/772cc2_3ef9b163c9144028a5c63032ad43e1d7.gif,,,,,
Education for Liberation Network,Education,Injustice,"The Education for Liberation Network is a national coalition of teachers, community activists, researchers, youth and parents who believe a good education should teach people—particularly low-income youth and youth of color—how to understand and challenge the injustices their communities face. The network aims to help improve the practice of Education for Liberation by bringing people together to learn from each other’s experiences. The network provides a space for members to share knowledge and work together to create tools for liberatory education. By building alliances that cross the boundaries of geography, occupation and age we hope to nurture communities of thoughtful, socially-engaged people and to maximize the impact of their work.",7822,10000,,http://www.edliberation.org/,http://www.edliberation.org/logo.png,,,,,
Educators' Network for Social Justice Milwaukee,Education,Injustice,"We are an organization of educators including classroom teachers, teacher educators, and community activists, who strive for educational justice",2531,2500,,http://ensj.weebly.com/,https://scontent.fmnl3-2.fna.fbcdn.net/v/t1.0-9/1000870_535687276496466_2088862075_n.jpg?_nc_cat=0&oh=1b177fd477a7162ae583266293db66e5&oe=5BD789F1,,,,,
Educolor,Education,Public Schools  | Equiity,EduColor seeks to elevate the voices of public school advocates of color on educational equity and justice.,17360,20000,,http://www.educolor.org/,http://www.educolor.org/wp-content/uploads/2016/10/educolor-logo2.png,,,,,
Fellowship for Race and Equity in Education,Education,Inclusion,"Our mission is to support individuals and institutions as they take on our most intractable race, equity, diversity, and inclusion (REDI) problems, accelerating our transition toward a more liberatory, community-centered society that values the gifts and potential of all of its members.",1801,2000,,http://raceandequityineducation.org/,https://static1.squarespace.com/static/597e1cb4d2b8570b18cf4c83/t/5aaabafb03ce64b54c975b30/1521138442942/Brand-mark-C.png,,,,,
"Free Minds, Free People",Education,Education,"Free Minds, Free People is a national conference that brings together teachers, young people, researchers, parents and community-based activists/educators from across the country to build a movement to develop and promote education as a tool for liberation.",1339,1500,,http://fmfp.org/,http://fmfp.org/wp-content/themes/fmfp-2013/images/site-login-logo.png,,,,,
Gay Lesbian and Straight Education Network,Education,LGBTQ,Every day GLSEN works to ensure that LGBTQ students are able to learn and grow in a school environment free from bullying and harassment.,1144296,1000000,,http://www.glsen.org/,https://www.glsen.org/sites/default/files/GLSEN_logo.jpg,,,,,
Global Glimpse,Education,Intercultural | Education,"Inspire America's next generation to become responsible global citizens through leadership, community service and immersion in the developing world.",11313,100000,,https://globalglimpse.org/,https://globalglimpse.org/wp-content/uploads/2016/11/logo.png,,,,,
Mosaic Project,Education,Peace | Diversity | Education,"We work toward a peaceful future by uniting children of diverse backgrounds, providing them with essential community building skills, and empowering them to become peacemakers.",5162,5000,,http://www.mosaicproject.org/,https://mosaicproject.org/MPimages/headerMPLogo.png,,,,,
New York Collective of Radical Educators,Education,Anti-Racist | Education,"New York Collective of Radical Educators (NYCoRE) is a group of current and former public school educators and their allies committed to fighting for social justice in our school system and society at large, by organizing and mobilizing teachers, developing curriculum, and working with community, parent, and student organizations.",23467,25000,,http://www.nycore.org/,http://www.nycore.org/wp-content/uploads/2017/12/cropped-top3-1-768x160.jpg,,,,,
Not in Our School,Education,Conflict resolution,"Not in Our School's mission is to stop hate, adress bullying, and build safe, inclusive communities for all.",47731,50000,,https://www.niot.org/nios,https://scontent.fmnl3-2.fna.fbcdn.net/v/t1.0-9/421472_10151056448054579_2101245755_n.jpg?_nc_cat=0&oh=2852ec464b29a7b07ff253f1ef8e5a59&oe=5BEC1E60,,,,,
NYCLU Teen Activist Project,Education,Education | Civil discourse,The New York Civil Liberties Union (NYCLU) is one of the nation's foremost defenders of civil liberties and civil rights.,137985,150000,,http://www.nyclu.org/issues/youth-and-student-rights/teen-activist-project,https://www.nyclu.org/sites/default/files/field_site_logo/nyclu_reduced_logos_color_bck.png,,,,,
One Nation Indivisible,Education,Education,"One Nation Indivisible harnesses the power of storytelling and strategic organizing to support and celebrate people struggling to create, sustain and improve racially, culturally, linguistically and socioeconomically integrated schools, communities, workplaces and social institutions.",1156,1500,,http://www.onenationindivisible.org/,https://scontent-lga3-1.xx.fbcdn.net/v/t1.0-9/376835_133857596722214_1330531071_n.jpg?_nc_cat=0&oh=b15b7fc9b9cd62a242e7690dda0dda2b&oe=5BCD795A,,,,,
Partners Against Hate,Education,Anti-Racist,"Partners Against Hate was a collaborative project of the Anti-Defamation League, The Leadership Conference Education Fund, and the Center for Preventing Hate, which offered promising education and counteraction strategies for young people and the wide range of community-based professionals who work and interact with youth, including parents, law enforcement officials, educators, and community/business leaders.",0,0,,http://www.partnersagainsthate.org/,http://www.partnersagainsthate.org/assets/images/fromga/pah_logo_bottom.gif,,,,,
Pillars of Peace Hawaii,Education,Education | Inclusion | Peace building,"We hope to inspire people--from keiki (children) to kupuna (elders)--to cultivate compassion, mindfulness and justice in their daily lives and better understand the roles of diversity and culture in the practice of peace.",2774,2500,,https://pillarsofpeace.hawaiicommunityfoundation.org,https://pillarsofpeace.hawaiicommunityfoundation.org/image/logo.png,,,,,
Project S.E.E.D,Education,Education | STEM,"S.E.E.D. participants build a close knit community to explore their experiences and expand their understanding of social identity, power, oppression, privilege, and diversity.",6580,7000,,http://neutral-zone.org/s-e-e-d/,http://neutral-zone.org/wp/wp-content/uploads/2014/04/logo2.png,,,,,
Radical Math,Education,Education | STEM,RadicalMath is a resource for educators interested in integrating issues of social and economic justice into their math classes and curriculum.,0,,,http://www.radicalmath.org/,http://www.radicalmath.org/images/rmlogo.gif,,,,,
Rethinking Schools,Education,Education,"Rethinking Schools began as a local effort to address problems such as basal readers, standardized testing, and textbook-dominated curriculum.",174263,175000,,https://www.rethinkingschools.org/index.shtml,https://www.rethinkingschools.org/assets/renew/logo-b8de7f57366ad616f2794f30188dbc2ec1d5e27e57c086432650e32489c0e458.png,,,,,
Stand for Children,Education,Education | Advocacy,"Stand for Children's mission is to ensure that all children, regardless of their background, graduate from high school prepared for, and with access to, a college education.",13990.725,1400,,http://stand.org/,http://standleadershipcenter.org/sites/all/themes/slc_main/img/Stand_National_Logo_Cyan.png,,,,,
Teachers 4 Social Justice,Education,Education | Immigration,"Our mission is to provide opportunities for self-transformation, leadership, and community building to educators in order to affect meaningful change in the classroom, school, community and society.",7908,8000,,https://t4sj.org/links/,https://scontent.fmnl3-2.fna.fbcdn.net/v/t31.0-8/12132409_883693355019625_300189002944705544_o.jpg?_nc_cat=0&oh=3bfb2a14703188e821a608b9d6b85fc3&oe=5BE4EA77,,,,,
Teachers For Social Justice,Education,Education | Social justice,"Teachers for Social Justice (TSJ) is an organization of teachers, administrators, pre-service teachers, and other educators working in public, independent, alternative, and charter schools and universities in the Chicago area that have come together based on their commitment to education for social justice.",8663,9000,,http://www.teachersforjustice.org/,http://1.bp.blogspot.com/_b854pmrK1Ro/SzKi5ZibeFI/AAAAAAAABFs/Lfqcsahl1uc/S1600-R/tsjheaderfinal.png,,,,,
Teaching for Change,Education,Education | Social justice,"Teaching for Change provides teachers and parents with the tools to create schools where students learn to read, write and change the world.",107146,108000,,http://www.teachingforchange.org/,https://cvlassets.s3.amazonaws.com/Unknown.png,,,,,
Teaching Tolerance (SPLC),Education,Inclusion | Equity,"Teaching Tolerance provides free resources to educators—teachers, administrators, counselors and other practitioners—who work with children from kindergarten through high school.",652572,650000,,http://www.tolerance.org/,https://splcatnortheastern.files.wordpress.com/2015/09/ttlogo.jpg,,,,,
Understanding Prejudice,Education,Anti-prejudice,"The purpose of the site is to offer educational resources and information on prejudice, discrimination, multiculturalism, and diversity, with the ultimate goal of reducing the level of intolerance and bias in contemporary society.",17455,20000,,http://www.understandingprejudice.org/,http://www.understandingprejudice.org/images/logotp.gif,,,,,
Until We are All Free,Education,Racial justice,"Launched in 2015, UNTIL WE ARE ALL FREE is an unprecedented collaboration between CultureStrike, Mobilize the Immigrant Vote, and Black Alliance for Just Immigration, responding to the call from Black leaders for immigrant and refugee rights advocates to boldly address racial justice and show up for Black lives.",0,0,,http://www.untilweareallfree.com/#declaration-of-unity-intro,https://cvlassets.s3.amazonaws.com/Unknown.jpeg,,,,,
We Unify,Education,Community building,"WeUnify is about bringing unlikeminded people together because it’s fun, and our democracy needs it.",692,500,,http://weunify.org/,https://weunify.org/images/logo.png,,,,,
Youth Together,Education,Community building | Racial Justice,"Grounded in our commitment to peace, unity and justice, the mission of Youth Together is to address the root causes of educational inequities by developing multiracial youth leaders and engaging school community allies to promote positive school change.",5468,5000,,http://www.youthtogether.net/unity/about-2/vision-mission-values/,http://www.youthtogether.net/wp-content/uploads/2017/09/cropped-YT-Main-Logo@2x.png,,,,,
"YWCA Metropolitan Chicago Racial Justice, Equity and Inclusion Project",Education,Racial justice | Equity | Inclusion,"YWCA is dedicated to eliminating racism, empowering women and promoting peace, justice, freedom and dignity for all.",10733,10000,,http://ywcachicago.org/racial-justice/,https://ywcachicago.org/wp-content/uploads/2016/03/YWCAMC-Logo-Small.png,,,,,
YWCA Columbus,Education,Gender equality,"YWCA is dedicated to eliminating racism, empowering women and promoting peace, justice, freedom and dignity for all.",10037.515,10000,,http://www.ywcacolumbus.org/site/PageServer?pagename=services_racialjustice,http://osteopathicheritage.org/Uploads/Images/NewsImages/ywca.jpg,,,,,
YWCA Madison,Education,Gender equality,"YWCA Madison works every day to eliminate racism and empower women, through programs in race & gender equity, job training & transportation, and housing & shelter, we create real change for women, families and communities.",6643,5000,,http://www.ywcamadison.org/site/c.cuIWLiO0JqI8E/b.7968025/k.6E89/Racial_Justice_Summit.htm,http://ywcamadison.org/wp-content/uploads/2017/03/ywcaLogo.png,,,,,
YWCA York,Education,Gender equality,"YWCA YORK IS DEDICATED TO ELIMINATING RACISM, EMPOWERING WOMEN, STRENGTHENING FAMILIES AND PROMOTING PEACE, JUSTICE, FREEDOM AND DIGNITY FOR ALL.",6041,5000,,,http://www.ywcayork.org/atf/cf/%7B161D0FAE-F2CA-4CA3-97E5-D01CF5508097%7D/logo_YWCA_int.png,,,,,
Zinn Education Project,Education,Education | Social justice,The Zinn Education Project promotes and supports the teaching of people’s history in classrooms across the country.,573294,500000,,https://zinnedproject.org/,https://www.zinnedproject.org/wp-content/uploads/2018/01/logo.svg,,,,,
Impact Justice,Politics,Restorative justice | Racial Justice,"Impact Justice is committed to fostering a more humane, responsive, and restorative system of justice in our nation.",3104,5000,,impactjustice.org,https://bjatta.bja.ojp.gov/sites/default/files/IJ%20Logo%202016-10-31.JPG,,,,,
Ben Franklin Circles,Community,Building community,"The Ben Franklin Circles (BFC) is a collaborative project of 92nd Street Y (92Y), the Hoover Institution, and Citizen University that reflects a shared commitment to fostering civic participation, open dialogue, and ethics-based leadership.",1777,2000,,http://benfranklincircles.org/,https://benfranklincircles.org/wp-content/themes/bfcircles/images/logo.png,,,,,
Better Angels,Politics,Bipartisan | Democracy,"By bringing red and blue Americans together into a working alliance, we’re building new ways to talk to one another, participate together in public life, and influence the direction of the nation.",11854,12000,,https://better-angels.org/,https://images.typeform.com/images/RQ3XgeSqiMwJ/image/default,,,,,
Beyond Differences,Education,Education | Social inclusion,Inspire students at all middle schools nationwide to end social isolation and create a culture of belonging for everyone,56402,60000,,https://www.beyonddifferences.org/,https://www.beyonddifferences.org/media/images/logo.png,,,,,
Campus Compact,Education,Community building | Education,Campus Compact advances the public purposes of colleges and universities by deepening their ability to improve community life and to educate students for civic and social responsibility,4477.307,5000,,https://compact.org/fund-positive-engagement/,https://compact.wpengine.com/wp-content/uploads/2015/03/logo-5.png,,,,,
Citizen University,Civics,Systems thinking | Democracy,"Citizen University is a national platform for fostering responsible and empowered citizenship through activation, communication, and education.",24175,25000,,http://www.citizenuniversity.us/programs/civic-saturday/,http://www.citizenuniversity.us/wp-content/themes/citizenu/images/logo_header_v2.png,,,,,
Encore.org,Education,Education | Leadership,The decades of life beyond 50 become a time of social contribution and impact — and we leave the world better than we found it.,86584,90000,,https://encore.org/,https://upsocial.org/sites/default/files/logos/logo-encore.jpg,,,,,
Essential partners,Community,Dialogue | Community building,"Our Mission: To foster constructive dialogue where conflicts are driven by differences in identity, beliefs & values.",9899,10000,,http://www.whatisessential.org/,https://www.whatisessential.org/sites/all/themes/at_panels_everywhere/css/images/PCP-logo-header.png,,,,,
Generation Citizen,Education,Education | Democracy,"GENERATION CITIZEN (GC) WORKS TO ENSURE THAT EVERY STUDENT IN THE UNITED STATES RECEIVES AN EFFECTIVE ACTION CIVICS EDUCATION, WHICH PROVIDES THEM WITH THE KNOWLEDGE AND SKILLS NECESSARY TO PARTICIPATE IN OUR DEMOCRACY AS ACTIVE CITIZENS.",9433,10000,,https://generationcitizen.org/,https://generationcitizen.org/wp-content/uploads/2016/03/Untitled-1.png,,,,,
Heterodox Academy,Education,Political diversity,"OpenMind is a free, interactive, psychology-based platform designed to foster intellectual humility, empathy, and mutual understanding across a variety of differences.",36020,40000,,https://openmindplatform.org/,https://openmindplatform.org/wp-content/uploads/2018/06/OpenMind_smaller.png,,,,,
Interfaith Youth Core,Religion,Religion | Interfaith,"A national non-profit organization working towards an America where people of different faiths, worldviews, and traditions can bridge differences and find common values to build a shared life together.",37635,40000,,https://www.ifyc.org/,https://scontent.fmnl3-2.fna.fbcdn.net/v/t1.0-9/21192868_10155703574624553_4662285167238131078_n.png?_nc_cat=0&oh=335c6eca375af6a59cb5c336146ecd1f&oe=5BD32A32,,,,,
Narrative4,Community,Political diversity | Mutual understanding,"Our work - rooted in the N4 story exchange - equips people to use their stories to build empathy, shatter stereotypes, break down barriers, and - ultimately - make the world a better place.",9896,10000,,https://narrative4.com/,https://lh3.googleusercontent.com/uUlaY3QlFjUz0A2YfPQGWBanDG7hgBmxkMpw2X3zlu_RtwOnrqnx_qLZm5rXARh_6u0J-A=s170,,,,,
National Institute for Civil Discourse,Politics,Gun violence | Dialogue,"The National Institute for Civil Discourse integrates research, practice and policy to support and engage:   Elected officials who are capable of working to solve the big issues facing our country. A public that demands civil discourse as well as government that works in the best interests of the country as a whole.  A media that informs citizens in a fair and responsible way.",52159,31720,,http://nicd.arizona.edu/,https://scontent.fmnl3-2.fna.fbcdn.net/v/t1.0-9/1012663_541800299189348_908363269_n.jpg?_nc_cat=0&oh=21060c133932d17d3629529182132750&oe=5BDD6465,,,,,
One America Movement,Service,Racial justice,"The One America Movement’s mission is to build bridges and solve problems by bringing Americans together across racial, religious, political and geographic divides to address pressing social problems – poverty, opioids, racial tension and more.",31197,22965,,http://werepair.org/oneamerica/,https://werepair.org/wp-content/uploads/2017/08/logo1-1.png,,,,,
People's supper,Community,Dialogue,"We aim to repair the breach in our interpersonal relationships across political, ideological, and identity differences, leading to more civil discourse.",4923,4091,,https://thepeoplessupper.org/,https://static1.squarespace.com/static/595e51dbd1758e528030285b/t/595e81929f74566aa7201b58/1531860428790/?format=1500w,,,,,
Resetting the table,Community,Political and community building,Resetting the Table is dedicated to building meaningful dialogue and deliberation across political and communal divides.,3584,3504,,http://www.resettingthetable.org/,http://www.resettingthetable.org/wp-content/uploads/2017/12/logo.png,,,,,
Seeds of Peace,Education,Leadership development,We inspire and cultivate new generations of global leaders in communities divided by conflict.,421006.503,421050,,https://www.seedsofpeace.org/,https://www.seedsofpeace.org/wp-content/uploads/2016/02/new-logo.png,,,,,
Sisterhood of Salaam Shalom,Interfaith,Building bridges | Anti-prejudice,"We grow relationships between Muslim and Jewish women to build bridges and fight hate, negative stereotyping and prejudice.",7437,6449,,https://sosspeace.org/,http://www.mejditours.com/wp-content/uploads/2015/03/SisterhoodofSD25aR03aP13ZL-Arthur3a.jpg,,,,,
Spaceship Media,Media,Journalism,"Reducing polarization, building communities, restoring trust in media.",2355,1705,,http://spaceshipmedia.org/the-many,http://spaceshipmedia.org/wp-content/uploads/2018/01/Kaylee_LOGO-FLAT-COLOR-1-e1516500688272.png,,,,,
StoryCorps,Media,Storytelling,StoryCorps’ mission is to preserve and share humanity’s stories in order to build connections between people and create a more just and compassionate world.,1044251,980263,,https://storycorps.org/,https://cvlassets.s3.amazonaws.com/download-3.png,,,,,
Streetlaw,Education,Law | Justice,"Street Law, Inc. advances justice through classroom and community education programs that empower people with the legal and civic knowledge, skills, and confidence to bring about positive change for themselves and others.",5148,3619,,https://www.streetlaw.org/,http://streetlaw.org/Custom/Core/Images/logo-text-b.svg,,,,,
Village Square,Politics,Politics,"We are dedicated to maintaining factual accuracy in civic and political debate by growing civil discourse on divisive issues, and recalling the history and principles at the foundation of our democracy.",6032,4904,,https://tlh.villagesquare.us/,https://tlh.villagesquare.us/img/Village-Square-website-header.png,,,,,
Welcoming America,Community,Immigration,Welcoming America provides the roadmap and support they need to become more inclusive toward immigrants and all residents.,25291,19585,,https://www.welcomingamerica.org/,https://pbs.twimg.com/profile_images/918888718139666432/M4QIbWbL_400x400.jpg,,,,,
Maynard Institute,Media,Journalism,"The Robert C. Maynard Institute for Journalism Education is the nation’s oldest organization dedicated to helping the news media accurately portray all segments of society, particularly those often overlooked, such as communities of color.",6224,4887,,https://www.mije.org/2017/01/16/examining-fault-lines/,https://www.mije.org/wp-content/uploads/2018/03/MIJE_Logo.png,,,,,
Troll Busters,Media,Social media | Journalism,"We are Team TrollBusters. When you spot online violence, online abuse or other troll behavior, send an S.O.S. and we will be your first responders online, supporting you with:  personal endorsements just-in-time coaching and reputation repair services",1322,668,,http://www.troll-busters.com/,http://www.troll-busters.com/img/tb-logo.png,,,,,
Gather,Media,Journalism,"The mission: make journalism more responsive to the public’s needs and more inclusive of the public’s voices and diversity, by helping journalists, educators, and students who share these values find each other, find resources and best practices, and find support and mentorship.",43,10,,https://www.letsgather.in/,https://static1.squarespace.com/static/58e0850ce3df2870d8092bd5/t/59d074a6d2b8576610391837/1524762609276/?format=1500w,,,,,
Journalism that Matters,Media,Journalism | Inclusion,"Journalism That Matters fosters inclusive civic communications so that people, communities and democracy thrive.",3376,2321,,http://journalismthatmatters.org/,http://socialcapitalreview.org/wp-content/uploads/2010/07/jtm-logo1-web1.jpg,,,,,
Color of Change,Media,Racial justice,We help people respond effectively to injustice in the world around us.,698558,582015,,https://colorofchange.org/,https://2g39ky05b5-flywheel.netdna-ssl.com/wp-content/themes/colorofchangecom/images/logo.png,,,,,
Trust Project,Media,Journalism | Transparency,"The Trust Project, a consortium of top news companies led by award-winning journalist Sally Lehrman, is developing transparency standards that help you easily assess the quality and credibility of journalism.",1713,731,,https://thetrustproject.org/,https://secureservercdn.net/3cb.7b0.godaddywp.com/wp-content/uploads/2017/11/trust-project-header-logo.png,,,,,
Coral Project,Media,Community building | Journalism,The Coral Project brings journalists and the communities they serve closer together through open-source tools and strategies.,6496,50,,https://coralproject.net/,https://coralproject.net/wp-content/uploads/2018/01/coral_logo_icon_white-49x50.png,,,,,
Hearken,Media,Journalism,Our company helps news organizations listen to the public as a story develops from pitch to publication,2123,2133,,https://www.wearehearken.com/,https://static1.squarespace.com/static/54f112e6e4b0b75ae5535049/t/556d2418e4b0e8f915061baa/1531147425302/?format=1500w,,,,,
GroundSourced,Media,Connection building,"GroundSource helps you reach audiences and communities where they prefer to communicate: on their phones, in a conversation.",1844,525,,https://www.groundsource.co/,https://static1.squarespace.com/static/5a7103d96957dafbfdbc2537/t/5a7113f4e2c483d096139425/1528747622156/?format=1500w,,,,,
Listening Post,Community,Journalism,"The Listening Post Collective offers resources, tools, peer-to-peer support and a shared learning space for journalists, newsroom leaders and community groups looking to revitalize their local news and information ecosystems.",370,10,,https://www.listeningpostcollective.org/,,,,,,
Jefferson Center,Community,Democracy | Community building,"Our mission is to strengthen democracy by advancing informed, citizen-developed solutions to challenging public issues.",1909,792,,https://jefferson-center.org/,https://jefferson-center.org/wp-content/uploads/2016/01/Filler-Logo.png,,,,,
Outlier Media,Community,Journalism,"Outlier Media is a Detroit-based service journalism organization that identifies, reports, and delivers valuable information to empower residents to hold landlords, municipal government and elected officials accountable for longstanding problems in the housing and utilities markets.",531,197,,https://outliermedia.org/,https://scontent.fmnl3-2.fna.fbcdn.net/v/t1.0-9/18527967_1852191935102630_5725523985819684146_n.jpg?_nc_cat=0&oh=00c717034073891817b90f3161107351&oe=5BC68777,,,,,
City Bureau,Community,Journalism | Community building,"Bring journalists and community members together in a collaborative spirit to produce equitable media coverage, encourage civic participation and hold powerful forces to account.",10597,4838,,https://www.citybureau.org/,https://www.ilhumanities.org/app/uploads/2016/03/city-bureau-logo.png,,,,,
Youth Wire,Community,Youth | Journalism,"YouthWire provides media training to disconnected youth, amplifies youth voices to influence policy at local and statewide levels through digital and print publications, and encourages civic engagement through storytellling.",3518,0,,https://communitypartners.org/project/youthwire,https://communitypartners.org/sites/default/files/CP-Logo.png,,,,,
100 Days in Appalachia,Community,Journalism,"Weary of the influx of bus tours and parachuting journalists seeking insights into rural America, we launched 100 Days to push back on the national narratives that had reduced our region to a handful of narrow stories.",17211,14805,,https://www.100daysinappalachia.com/,https://www.100daysinappalachia.com/wp-content/uploads/2017/07/100DayLogoHighResReverse-new1.png,,,,,
Solutions Journalism Network,Media,Journalism,to spread the practice of solutions journalism: rigorous and compelling reporting about responses to social problems,26570,11620,,https://www.solutionsjournalism.org/,https://res-3.cloudinary.com/solutionsjournalism/image/asset/sjn_logo_white-5fd9715c3d5a244afcc75d8f5d67d4a5.png,,,,,
Community Listening and Engagement Fund,Community,Journalism,,772,772,,https://www.lenfestinstitute.org/community-listening-engagement-fund/,https://www.lenfestinstitute.org/wp-content/uploads/2017/01/lifj_logo_tag.svg,,,,,
Fetzer Institute,Community,Community building,,617032,,,http://fetzer.org/work/democracy,http://fetzer.org/sites/all/themes/fetzer/img/fetzer-logo-2016.png,,,,,
Coding it Forward,Digital Equity,Technology | Social change,Empowering the next generation of technology leaders to create social change.,1823,,,https://www.codingitforward.com/,https://static1.squarespace.com/static/59539f22e6f2e181ffc682ef/t/597ea19837c58179fe244bac/1531621598444/?format=1500w,,,,,
GirlsWhoCode,Digital Equity,Technology | Coding,"Girls Who Code was founded with a single mission:
to close the gender gap in technology",673426,5000,,https://girlswhocode.com/,https://3zjc852t4swp1lmezl171oga-wpengine.netdna-ssl.com/wp-content/themes/girlswhocode/images/header-logo.png,,,,,
Data4Democracy,Digital Equity,Technology | Democracy,,6272,5000,,http://datafordemocracy.org/,https://data4democracy.github.io/datafordemocracy.org/images/data-dem-logo-stacked-grey.png,,,,,
Textizen,Community,Technology,,36701,,,https://www.textizen.com/,https://www.textizen.com/assets/interactive_text_logo-dffe79bf027c6ea7d86632d7f399dbd3a0076160f89fb3098372c941e967b339.png,,,,,
Center for Civic Media at Emerson College,Civics,Arts | Media | Engagement,,82550,,,https://www.emerson.edu/academics/civic-media-art-practice-ma,https://www.emerson.edu/sites/all/themes/emerson_bootstrap/build/img/footerLogo.png,,,,,
Code for America,Civics,Service Design  | Civics  | Technology  | Open Data,A national nonprofit dedicated to applying the principles and practices of modern technology and service design to the machinery of government.,80588,500000,,https://www.codeforamerica.org/,https://www.codeforamerica.org/resources/images/cfa-logo-color.png,,,,,
Allied Media Projects,Media,Arts | Social change | Media | Technology,,9794.361,100000,,https://www.alliedmedia.org/,https://namleboard.files.wordpress.com/2014/05/allied.jpg,,,,,
The Racial Imaginary Institute,Community,Racial justice,,519,500,,https://theracialimaginary.org/,https://theracialimaginary.org/wp-content/themes/trii/images/logo-full.svg,,,,,
Center for Collaborative Journalism,Media,Journalism | Collaboration,,13271,12500,,https://ccj.mercer.edu/,https://ccj.mercer.edu/www/templates/assets/images/svg-mercer-wordmark/1/mercer-wordmark-white-with-drop-shadow.svg,,,,,
DataMade,Technology,Technology | Journalism,,2324,2000,,https://datamade.us/,https://datamade.us/images/datamade_logo.png,,,,,
Bitter Southerner,Media,Arts | Music,,296198,300000,,http://bittersoutherner.com/,https://static1.squarespace.com/static/51bf0e35e4b010d205f86840/t/57bb407a6a49633024cef12d/1531857639395/?format=1500w,,,,,
Callifornia Community Foundation,Community,Philanthropy,,27120,25000,,https://www.calfund.org/,https://www.calfund.org/wp-content/themes/CalFund/assets/img/logo.svg,,,,,
Harvard Kennedy School Center for Democratic Governance and Innovation,Civics,Education,,253418,250000,,https://www.hks.harvard.edu/,https://www.hks.harvard.edu/sites/default/files/logos/logo_0.svg,,,,,
News Integrity Initiative at CUNY,Media,Journalism | Integrity,,15179,,,https://www.journalism.cuny.edu/centers/tow-knight-center-entrepreneurial-journalism/news-integrity-initiative/,https://www.journalism.cuny.edu/wp-content/themes/core/img/footer-logo.svg,,,,,
Cultivate the Karass,Community,Civics | Conflict Resolution,,326,10000,,https://www.cultivatethekarass.org/,https://static1.squarespace.com/static/594ed59c36e5d3e0037912ae/t/5957b9922994ca6ac455b27b/1530806307349/?format=1500w,,,,,
Personal Democracy Media,Democracy,Democracy | Journalism,,12475,500000,,http://www.personaldemocracy.com/,https://www.pdf-18.com/wp-content/uploads/2018/03/PDF18_logo_tag_145.png,,,,,
Sunlight Foundation,Democracy,Open Government  |  Transparency  |  Open Data  |  Cities,,141007,100000,,https://sunlightfoundation.com/,https://cvlassets.s3.amazonaws.com/download-1.jpg,,,,,
Berkman Center,Democracy,Technology | Society,,92993,50000,,https://cyber.harvard.edu/,https://avatars0.githubusercontent.com/u/131221?s=200&v=4,,,,,
MIT Media,Media,Education | Journalism,,906731,10000,,https://www.media.mit.edu/,https://www.underconsideration.com/brandnew/archives/mit_media_lab_2014_logo_detail.png,,,,,
Open Contracting Partnership,Democracy,Government | Civil society | Democracy,,10876,1000,,https://www.open-contracting.org/,https://www.open-contracting.org/wp-content/uploads/2016/01/logo-open-contracting-partnership-04.png,,,,,
Data & Society,Technology,Technology,,37830,10000,,https://datasociety.net/,https://datasociety.net/wp-content/themes/DSV2/imgs/common/data_society_2x.png,,,,,
Living Cities,Technology,Philanthropy | Community building,,6796.746,100000,,https://www.livingcities.org/,https://living-cities-herokuapp-com.global.ssl.fastly.net/assets/logo-d342ebc45016d505c11c7b829023e3c7.png,,,,,
Irene W. and C.B. Pennington Foundation,Community,Philanthropy | Community building,,450,100000,,http://www.penningtonfamilyfoundation.org/,http://www.penningtonfamilyfoundation.org/images/header_logo.png,,,,,
African Leadership Academy,Education,Education | Leadership,,351267,5000,,http://www.africanleadershipacademy.org/about/our-model/,http://www.africanleadershipacademy.org/wp-content/uploads/2017/05/ALA-logo-RGB-Horizontal-01.png,,,,,
African Leadership University,Education,Education | Leadership,,481955,5000,,https://www.alueducation.com/about/our-approach/,https://2frktj4383v21ir2ek2rt4fg-wpengine.netdna-ssl.com/wp-content/uploads/2016/02/alu_logo_original.png,,,,,
Bakers Without Borders,Community,Workforce development,,10469,50000,,https://interculturalinnovation.org/intc3-bakers-without-borders/,https://lh3.googleusercontent.com/y8NwFhlKh1bFgR4f9Ir80_DhVJfogFyuzOpUm_CfnW7cB3rD0JHr4ZMuk85lJMX9p1FYVec=s140,,,,,
Comix4= Comics for Equality,Community,Anti-racism,,10469,5000,,https://interculturalinnovation.org/comix4-comics-equality/,https://lh3.googleusercontent.com/h8pBKoMhoFCi40E2o-zyi-rAAinSrZ9_tdOGQuvdL4GY_zdPq0aPjR2un5U0H4O_kAOPgw=s104,,,,,
Crack in the Wall,Intercultural,Journalism,,10469,5000,,https://interculturalinnovation.org/crack-in-the-wall/,https://scontent.fmnl3-2.fna.fbcdn.net/v/t1.0-9/24129992_1445329165566230_5524248831183285753_n.png?_nc_cat=0&oh=bff51fd93b87369fa0c2f34d205a62fe&oe=5BDBC53B,,,,,
Encontrarse en la Diversidad,Intercultural,Philanthropy | Intercultural,,13505,50000,,https://interculturalinnovation.org/encontrarse-en-la-diversidad-meeting-diversity/,https://interculturalinnovation.org/wp-content/themes/iia/img/logo.svg,,,,,
FilmAid,Media,Media | Film,,10469,500000,,https://interculturalinnovation.org/filmaid/,https://interculturalinnovation.org/wp-content/themes/iia/img/logo.svg,,,,,
High Resolves,Intercultural,Education | Anti-racism,,6241,500000,,http://www.highresolves.org/our-programs/,http://highresolves.org/wp-content/themes/hr/img/public/logo.svg,,,,,
Immigropoly,Technology,Innovation | Technology,,10469,50000,,https://interculturalinnovation.org/immigropoly/,https://socfest.hu/wp-content/uploads/2012/09/immigropolylogo.jpg,,,,,
Media Focus on Africa,Media,Technogy | Media,,16063,500000,,http://www.mediafocusonafrica.org/content/about-media-focus-africa,http://www.careerpointsolutionslimited.com/wp-content/uploads/2018/04/media-focus.png,,,,,
MiVote,Democracy,Democracy | Voting,,3341.225,500000,,https://www.mivote.org.au/what_is,http://d3n8a8pro7vhmx.cloudfront.net/themes/570eccab6a21db2f1a000001/attachments/original/1480548120/MiVote-Logo_(2).svg,,,,,
P2P Foundation,Sharing Economy,Research,"researching, cataloging and advocating for the potential of P2P and Commons-based approaches to societal and consciousness change",36222,500000,,https://p2pfoundation.net/the-p2p-foundation/about-the-p2p-foundation,https://p2pfoundation.net/wp-content/uploads/2017/08/p2pf-logo-title.svg,,,,,
Play2Talk,Intercultural,Technology | Gaming,,7683,5000,,https://interculturalinnovation.org/play2talk/,https://scontent.fmnl3-2.fna.fbcdn.net/v/t1.0-9/24129992_1445329165566230_5524248831183285753_n.png?_nc_cat=0&oh=bff51fd93b87369fa0c2f34d205a62fe&oe=5BDBC53B,,,,,
Routes 2 Roots,Intercultural,Peace building | Intercultural,,8685,5000,,https://interculturalinnovation.org/routes-2-roots/,,,,,,
Safarni,Intercultural,Education | Citizenship,,10062,50000,,https://interculturalinnovation.org/safarni/,https://www.opportunitiesforafricans.com/wp-content/uploads/2015/05/2015-unaoc-intercultural-innovation-award.png,,,,,
Singa,Intercultural,Immigration | Entrepreneurship,,10469,1000000,,https://interculturalinnovation.org/singa/,https://www.a-star.edu.sg/Portals/101/logo.png?ver=2016-05-31-124048-423,,,,,
The Coexist Initiative,Intercultural,Education|Primary School|Refugees|Youth,promote primary school enrolment and retention of girls in the Daadab and Kakuma refugee camps,1095,5000,,https://interculturalinnovation.org/the-coexist-initiative/,http://sidebysidegender.org/wp-content/uploads/2017/10/Coexist-logo.jpg,,,,,
Transforming Pastoralist-Farmer Conflict in Nigeria,Intercultural,Agriculture | Peace building,,10469,50000,,https://interculturalinnovation.org/transforming-pastoralist-farmer-conflict-nigeria/,,,,,,
Wapikoni Mobile,Intercultural,Technology | Intercultural,,36694,5000,,https://interculturalinnovation.org/wapikoni-mobile/,http://www.wapikoni.ca/Content/assets/images/wapikoni_logo.png,,,,,
Center for Civic Design,Democracy,Civic Design | Service Design | Public Engagement,"The Center for Civic Design works to ensure that voter experiences are positive with the assistance of design elements in voter information guides, ballots, poll worker materials, and other election forms.",2377,1000000,,http://civicdesign.com,https://cvlassets.s3.amazonaws.com/Jq8S-nLC.png,,,,,
Civic Hall,Democracy,Civics  | Technology,"Civic Hall is a year-round community center for civic tech and innovation that offers members a daily home for collaborative work, timely events, and actionable research.",,,,,https://cvlassets.s3.amazonaws.com/np_criticism_475444_FFFFFF.png,,,,,275000